dpaste.com	fail		{"errors": [{"syntax": "* Unknown syntax none. Valid choices: abap amdgpu apl abnf actionscript3 actionscript ada adl agda aheui alloy ambienttalk ampl html+ng2 ng2 antlr-actionscript antlr-csharp antlr-cpp antlr-java antlr antlr-objc antlr-perl antlr-python antlr-ruby apacheconf applescript arduino
dpaste.org	fail		<!DOCTYPE html>
<html lang="en">
<head>
  <meta charset="utf-8">
  <meta name="viewport" content="width=device-width, initial-scale=1">
  <title>Security Check</title>
  <meta name="theme-color" content="#0d1117">
  <style>/* latin */
@font-face {
  font-family: 'Figtree';
  font-style: normal;
  font-weight: 300;
  font-stretch: 100%;
  src: url(data:font/woff2;base64,d09GMgABAAAAACnIABAAAAAAXxQA
glot.io	fail		Not found
bpa.st	fail		no-csrf
paste.debian.net	fail		<!doctype html><meta charset=utf-8><meta content="width=device-width,initial-scale=1.0" name=viewport><title>Faint suggestion of abnormality, of having been put into words. There was a widower.</title><body><main><h1>Faint suggestion of abnormality, of having been put into words. There was a widower
sprunge.us	fail		<html><head><metahttp-equiv="content-type"content="text/html;charset=utf-8"><title>404Pagenotfound</title></head><bodytext=#000000bgcolor=#ffffff><h1>Error:Pagenotfound</h1><h2>There
0x0.st	fail		
envs.sh	fail		
termbin.com	fail		
controlc.com	fail		403|
pastelink.net	fail		200|
